dataset,pipeline,stressor,montage,dropout_fraction,n_subjects,mean_roc_auc,roc_auc_ci_low,roc_auc_ci_high,mean_balanced_accuracy,balanced_accuracy_ci_low,balanced_accuracy_ci_high,mean_n_channels
PhysionetMotorImagery,csp_lda,channel_dropout,all_channels,0.1,10,0.5843999999999999,0.5220140099483437,0.6782549171801555,0.5306999999999998,0.5098716315221512,0.5602160695529834,64.0
PhysionetMotorImagery,csp_lda,channel_dropout,all_channels,0.2,10,0.5353499999999999,0.4799484936949633,0.598411158395205,0.51185,0.50305,0.5254,64.0
PhysionetMotorImagery,csp_lda,channel_dropout,all_channels,0.3,10,0.5432,0.48810564932990164,0.6028787249515568,0.5154,0.50715,0.526094574285894,64.0
PhysionetMotorImagery,csp_lda,channel_dropout,all_channels,0.5,10,0.5146999999999999,0.4786706117344471,0.5527526302678618,0.50355,0.4956751837118626,0.5110681101944977,64.0
PhysionetMotorImagery,csp_lda,clean,all_channels,0.0,10,0.643,0.54,0.7809999999999999,0.612,0.5075000000000001,0.7489999999999999,64.0
PhysionetMotorImagery,csp_lda,reduced_montage,motor_core,0.0,10,0.6890000000000001,0.6119999999999999,0.7950944108499632,0.6355000000000001,0.5635000000000001,0.7293429939545233,3.0
PhysionetMotorImagery,csp_lda,reduced_montage,motor_extended,0.0,10,0.713,0.5624072767105474,0.8331614309742288,0.687,0.5715776766015068,0.80110612425731,9.0
