dataset,pipeline,stressor,montage,dropout_fraction,n_subjects,mean_roc_auc,roc_auc_ci_low,roc_auc_ci_high,mean_balanced_accuracy,balanced_accuracy_ci_low,balanced_accuracy_ci_high,mean_brier_score,brier_score_ci_low,brier_score_ci_high,mean_ece,ece_ci_low,ece_ci_high,mean_n_channels
PhysionetMotorImagery,csp_lda,channel_dropout,all_channels,0.1,10,0.5846,0.5055,0.6852580145293579,0.5233500000000001,0.5007561389041809,0.5603832901040073,0.447139913252734,0.41173145893833474,0.47342825413842426,0.46269690881562175,0.42986022746469876,0.48737439072994443,64.0
PhysionetMotorImagery,csp_lda,channel_dropout,all_channels,0.2,10,0.5406500000000001,0.49267159626998563,0.6052802800135035,0.5149,0.5053000000000001,0.5259500000000001,0.4631162622136292,0.4488900199657487,0.4755387476065306,0.47283950175796513,0.4614128288629747,0.48457715059259265,64.0
PhysionetMotorImagery,csp_lda,channel_dropout,all_channels,0.3,10,0.53165,0.4826885676091346,0.6107188604373478,0.5064,0.49744999999999995,0.5203396780800654,0.4712734207725176,0.4575900204443226,0.4866658091343731,0.48080995805315724,0.46928714486427686,0.4964930256737475,64.0
PhysionetMotorImagery,csp_lda,channel_dropout,all_channels,0.5,10,0.5203,0.48255399036748736,0.5708597684935383,0.50465,0.49795,0.5150827200974061,0.47322820060259047,0.4606928277931138,0.4862849262485722,0.4826115442399188,0.4723813355360734,0.4946932937959444,64.0
PhysionetMotorImagery,csp_lda,clean,all_channels,0.0,10,0.655,0.5096399939981483,0.7833055745239524,0.625,0.4944457702812054,0.7549334276450141,0.3121881447961391,0.21075703029401344,0.415486479127731,0.3604269633262299,0.24918735226739466,0.4650227927937163,64.0
PhysionetMotorImagery,csp_lda,reduced_montage,motor_core,0.0,10,0.6910000000000001,0.581,0.784,0.6505000000000001,0.5710263551840292,0.7255,0.22020583276754374,0.18254785143576516,0.2547475529582084,0.27731214907080254,0.2371958947481766,0.30676095219559685,3.0
PhysionetMotorImagery,csp_lda,reduced_montage,motor_extended,0.0,10,0.7659999999999999,0.6529999999999999,0.8660000000000002,0.7065,0.599545254192606,0.7972854920605896,0.2062410187406058,0.14602049303036999,0.2703878599888606,0.265564478987389,0.1971806639673085,0.3305285077406864,9.0
