dataset,pipeline,metric,n_subjects,mean_slope_per_10pct_dropout,slope_ci_low,slope_ci_high,slope_sd,t_statistic_vs_zero,t_p_value_vs_zero,shapiro_p_value_slope,n_harmful_slope,pct_harmful_slope,t_p_value_vs_zero_bh_fdr
PhysionetMotorImagery,csp_lda,balanced_accuracy,10,-0.017793918918918916,-0.04060917940256688,0.005021341564729043,0.031893534951885356,-1.764285845674766,0.11150663577918155,0.12741636180329946,5,0.5,0.11150663577918155
PhysionetMotorImagery,csp_lda,roc_auc,10,-0.02346148648648649,-0.043194257934907165,-0.0037287150380658184,0.027584512407335133,-2.6896155891749554,0.024812135700424162,0.07794832945439956,9,0.9,0.049624271400848324
