condition,n_subjects,mean_condition_auc,mean_clean_auc,mean_delta_auc,delta_ci_low,delta_ci_high,shapiro_p,paired_t_stat,paired_t_p,wilcoxon_stat,wilcoxon_p,cohens_dz,paired_t_p_bh_fdr,wilcoxon_p_bh_fdr
dropout_0.1,10,0.5843999999999999,0.643,-0.058600000000000006,-0.11255398216867996,-0.01531167262732035,0.8535993817954786,-2.2152516018077417,0.053980723184643364,7.0,0.07421875,-0.7005240652048841,0.08097108477696505,0.111328125
dropout_0.2,10,0.5353499999999999,0.643,-0.10764999999999998,-0.18781997547555657,-0.04423936996062058,0.5011825410419902,-2.7553693045847454,0.022280265956617872,5.0,0.01953125,-0.8713242797402023,0.05505081676568938,0.0390625
dropout_0.3,10,0.5432,0.643,-0.09979999999999997,-0.18085585334029358,-0.043799999999999985,0.14976119368026253,-2.7159202649294087,0.023766014635233517,5.0,0.01953125,-0.8588493980584857,0.05505081676568938,0.0390625
dropout_0.5,10,0.5146999999999999,0.643,-0.12830000000000003,-0.23869807144678062,-0.055134451742330684,0.10470034321660449,-2.626293800159066,0.02752540838284469,4.0,0.013671875,-0.8305070213281733,0.05505081676568938,0.0390625
motor_core,10,0.6890000000000001,0.643,0.046,-0.09599999999999995,0.12,0.05632979154393403,0.836686387579076,0.4244267770333068,13.0,0.16015625,0.2645834672008294,0.4244267770333068,0.17578125
motor_extended,10,0.713,0.643,0.06999999999999998,0.011378085653945968,0.14700000000000002,0.16902560537370737,1.9348470938914617,0.08500916721662861,10.5,0.17578125,0.611852374085468,0.10201100065995433,0.17578125
